reading_order,group_id,num_lines,group_text,group_text_clean,group_text_review,group_vintern_text,group_vintern_composite_score,group_vintern_agreement_similarity,group_final_source,group_keep_for_index,need_review,group_vintern_noise_reason,group_crop_path,bbox_xyxy,mean_det_score,mean_composite_score,num_keep_lines,num_vlm_candidates
0,0,2,"ĐƯỜNG
VÕ VĂN KIỆT","ĐƯỜNG
VÕ VĂN KIỆT",NÓ VĂN KẾT,"ĐƯỜNG
VÕ VĂN KIỆT",0.6699121569802788,0.5925925925925926,vintern_group_fallback,True,True,,outputs_test/L22_V012_216_official_vietocr/ppocr_stacked_group_crops/group_000.png,"[609, 29, 814, 172]",0.866178649890438,0.7178765739908246,1,2
1,1,4,"ĐƯỜNG
MỸ PHƯỚC - TÂN VẠN","ĐƯỜNG
MỸ PHƯỚC - TÂN VẠN",Liniphuốc tân van j,"ĐƯỜNG
MỸ PHƯỚC - TÂN VẠN",0.6646284310875513,0.5116279069767442,vintern_group_fallback,True,True,,outputs_test/L22_V012_216_official_vietocr/ppocr_stacked_group_crops/group_001.png,"[862, 42, 1206, 317]",0.8368246171530631,0.3500317239889359,1,1
2,2,1,,,,,,,,,False,,outputs_test/L22_V012_216_official_vietocr/ppocr_stacked_group_crops/group_002.png,"[220, 608, 265, 635]",0.8615259333310578,0.0,0,0
3,3,1,,,,,,,,,False,,outputs_test/L22_V012_216_official_vietocr/ppocr_stacked_group_crops/group_003.png,"[945, 657, 1001, 686]",0.7436309296071331,0.0,0,0
